Data,Descricao,Valor
2026-09-07,Cliente Sigma350,423.91
2026-09-20,Transferencia Recebida 189 - Rec,10166.66
2026-09-29,NF 1434 - Fornecedor Alfa S/A617,-1450.74
2026-09-15,Cliente Eireli325,10534.81
2026-09-11,NF 7924 - NF 814,-13046.04
2026-09-08,NF 2519 - Fornecedor Gama204,-14360.34
2026-10-02,NF 1711 - Servicos Prestados Beta926,-5192.14
2026-09-21,NF 5803 - Fornecedor Y Ltda665,-14115.09
2026-09-07,Cliente Y777,10583.35
2026-09-26,NF 2654 - Fornecedor Alfa S/A987,-1242.89
2026-09-19,Recebimento PIX 479 - Rec,12519.95
2026-09-26,Cliente S/A723,10542.21
2026-09-11,Cliente Eireli376,2492.87
2026-09-11,Cliente Eireli376 (DUPLICADO),2492.87
2026-09-11,Recebimento NF 963 - Rec,8208.87
2026-09-24,NF 5386 - Fornecedor Gama510,-529.9
2026-09-23,Recebimento NF 317 - Rec,8529.34
2026-09-04,Recebimento PIX 371 - Rec,9660.64
2026-09-08,Venda Corporativa 538 - Rec,8107.71
2026-09-24,NF 9085 - NF 621,-3328.85
2026-09-03,NF 7916 - Servico de TI 263,-1689.25
2026-09-22,NF 5119 - Distribuidora Delta641,-8958.53
2026-09-22,NF 5119 - Distribuidora Delta641 (DUPLICADO),-8958.53
2026-09-21,Cliente S/A798,221.64
2026-09-02,Recebimento NF 214 - Rec,11540.55
2026-09-24,NF 3927 - Servicos Prestados Beta612,-98.52
2026-09-12,NF 4258 - Servico de TI 619,-9398.24
2026-09-30,Transferencia Recebida 100 - Rec,8113.72
2026-09-06,Recebimento NF 999 - Rec,1722.42
2026-09-06,Recebimento NF 999 - Rec (DUPLICADO),1722.42
2026-09-02,Cliente Omikron999,3629.81
2026-09-28,NF 9727 - Fornecedor Y Ltda878,-10772.18
2026-09-21,Recebimento PIX 371 - Rec,14205.39
2026-08-31,Transferencia Recebida 873 - Rec,14467.23
2026-09-12,Recebimento NF 548 - Rec,6014.93
2026-09-26,Cliente S/A446,3756.19
2026-09-20,Cliente Y172,8847.18
2026-09-29,NF 9423 - Fornecedor Gama172,-13586.03
2026-09-25,Cliente Lambda926,7116.43
2026-09-17,NF 7735 - Fornecedor Gama533,-9901.79
2026-09-27,Cliente S/A162,10116.8
2026-09-27,NF 4116 - Fornecedor Alfa S/A296,-12932.0
2026-09-10,NF 2235 - Distribuidora Delta355,-2793.15
2026-09-28,Cliente Y767,8277.36
2026-09-28,Cliente Y767 (DUPLICADO),8277.36
2026-09-28,Cliente Omikron270,14536.49
2026-09-16,Cliente Y268,12976.52
2026-09-15,Cliente Lambda392,4014.79
2026-09-29,Transferencia Recebida 777 - Rec,14931.57
2026-09-30,NF 9883 - Fornecedor X693,-3304.63
2026-09-15,NF 9701 - Distribuidora Delta614,-799.63
2026-09-30,Recebimento PIX 170 - Rec,1247.67
2026-09-19,Cliente S/A683,3566.3
2026-09-12,Cliente Eireli773,9309.75
2026-09-22,Cliente Omikron785,14023.86
2026-09-20,NF 8491 - Servico de TI 407,-2006.63
2026-09-25,Cliente Lambda736,1134.52
2026-09-25,Cliente Lambda736 (DUPLICADO),1134.52
2026-09-03,Cliente Omikron618,1145.25
2026-09-05,Cliente Omikron478,13218.92
2026-09-19,Cliente Sigma726,8171.11
2026-09-19,Cliente Sigma726 (DUPLICADO),8171.11
2026-09-20,NF 2753 - Servicos Prestados Beta218,-13178.0
2026-09-09,NF 5325 - Fornecedor Gama308,-9092.21
2026-09-07,NF 7939 - Fornecedor X194,-13354.44
2026-09-21,NF 3647 - Servico de TI 368,-11578.23
2026-09-25,Cliente Y954,2278.36
2026-09-28,Cliente Y415,6475.31
2026-09-14,Cliente Y466,14584.33
2026-09-18,NF 7658 - Suprimentos Epsilon995,-1586.76
2026-09-18,NF 7658 - Suprimentos Epsilon995 (DUPLICADO),-1586.76
2026-09-26,Cliente Omikron985,13890.17
2026-09-09,Cliente Eireli125,2696.93
2026-09-25,Cliente Eireli921,11746.68
2026-09-21,NF 1634 - Fornecedor Y Ltda491,-11821.25
2026-09-02,NF 6000 - Distribuidora Delta458,-12012.81
2026-09-20,NF 5564 - Pagto Titulo 436,-9917.5
2026-10-01,Transferencia Recebida 509 - Rec,4222.92
2026-09-15,NF 5349 - Servicos Prestados Beta282,-462.63
2026-10-01,Recebimento NF 546 - Rec,5218.02
2026-09-05,NF 1727 - Fornecedor Alfa S/A360,-13497.6
2026-09-12,Cliente Omikron472,12107.34
2026-09-27,Venda Corporativa 421 - Rec,13815.52
2026-09-08,Cliente Sigma782,4539.82
2026-09-15,Recebimento PIX 296 - Rec,4470.05
2026-09-03,Recebimento PIX 730 - Rec,10175.9
2026-09-14,Cliente Sigma393,12514.19
2026-09-17,Recebimento NF 576 - Rec,9119.59
2026-09-04,Recebimento PIX 774 - Rec,7692.05
2026-09-18,Recebimento NF 195 - Rec,9322.22
2026-09-08,Cliente Omikron250,3408.38
2026-09-04,NF 7790 - Fornecedor Y Ltda566,-7153.29
2026-09-02,Cliente Eireli606,10789.27
2026-09-30,NF 7965 - Fornecedor Y Ltda897,-10329.96
2026-09-06,Cliente Lambda151,10453.88
2026-09-22,Recebimento PIX 920 - Rec,1864.31
2026-09-10,Recebimento NF 873 - Rec,8405.93
2026-09-04,Transferencia Recebida 536 - Rec,10803.15
2026-09-22,Cliente Lambda560,13463.26
2026-09-29,NF 4919 - Suprimentos Epsilon596,-9583.04
2026-09-18,NF 6238 - Servicos Prestados Beta443,-4321.64
2026-09-24,NF 3503 - Pagto Titulo 810,-2304.92
2026-09-12,Cliente Lambda525,4996.68
2026-09-02,Venda Corporativa 812 - Rec,5872.68
2026-09-30,NF 9947 - Pagto Titulo 651,-5762.69
2026-09-04,Cliente Lambda129,4130.38
2026-09-14,Recebimento PIX 960 - Rec,11982.23
2026-09-16,NF 1444 - Fornecedor X503,-9352.74
2026-09-15,Recebimento PIX 151 - Rec,13009.43
2026-09-08,NF 7211 - Fornecedor Gama879,-6847.75
2026-09-14,Cliente S/A581,6352.39
2026-09-21,Recebimento NF 329 - Rec,14998.62
2026-09-28,Cliente Omikron959,14246.7
2026-09-25,NF 4571 - Servico de TI 217,-1937.0
2026-09-30,NF 2876 - Compra Material 721,-5453.68
2026-09-08,Cliente Y419,1666.08
2026-09-21,Cliente Omikron177,5660.84
2026-09-14,Cliente Sigma970,3680.6
2026-09-13,Cliente Y455,8510.69
2026-09-18,Recebimento NF 112 - Rec,1080.9
2026-09-15,Recebimento NF 750 - Rec,1627.81
2026-09-21,Recebimento PIX 851 - Rec,2337.22
2026-09-24,Transferencia Recebida 893 - Rec,9257.89
2026-09-26,Cliente Sigma430,10978.84
2026-09-25,Cliente Lambda349,1372.52
2026-09-28,NF 8988 - Fornecedor Gama286,-7439.88
2026-09-28,Venda Corporativa 818 - Rec,5138.07
2026-09-28,Cliente Omikron187,7773.58
2026-09-13,Cliente Omikron807,8349.88
2026-09-09,Cliente Y195,6750.21
2026-09-29,Venda Corporativa 477 - Rec,3687.41
2026-09-15,Transferencia Recebida 438 - Rec,6411.28
2026-09-14,Cliente Omikron223,4634.01
2026-09-02,NF 4545 - NF 296,-8061.17
2026-09-25,Transferencia Recebida 711 - Rec,14650.27
2026-09-07,NF 3939 - Fornecedor Alfa S/A469,-2952.06
2026-09-09,Cliente Y155,1942.42
2026-09-24,Cliente Lambda205,1937.88
2026-09-01,Cliente Lambda448,7067.48
2026-09-12,NF 2070 - Distribuidora Delta216,-14118.9
2026-09-08,NF 3444 - Fornecedor X255,-9649.41
2026-09-27,NF 7818 - Suprimentos Epsilon882,-3760.45
2026-09-11,NF 5871 - Distribuidora Delta553,-7862.46
2026-09-17,Venda Corporativa 161 - Rec,4615.43
2026-09-16,Cliente Omikron370,3156.43
2026-09-08,NF 7693 - NF 102,-8302.28
2026-09-05,Cliente Omikron395,4404.33
2026-09-03,NF 4241 - Servicos Prestados Beta906,-3539.69
2026-09-01,Cliente Sigma946,9732.14
2026-09-27,NF 5728 - Compra Material 866,-11899.8
2026-09-05,Cliente Eireli378,4596.16
2026-09-13,Cliente Y542,1252.61
2026-09-07,NF 1339 - Servico de TI 956,-1415.34
2026-09-07,NF 1339 - Servico de TI 956 (DUPLICADO),-1415.34
2026-09-26,Cliente Y881,4160.77
2026-09-09,Cliente Sigma285,6661.33
2026-09-09,Cliente Sigma285 (DUPLICADO),6661.33
2026-09-28,Cliente S/A581,12222.96
2026-09-08,NF 7744 - NF 437,-10068.5
2026-09-09,Transferencia Recebida 137 - Rec,6036.76
2026-09-08,NF 9431 - Pagto Titulo 985,-4785.28
2026-09-12,Cliente Eireli155,8161.77
2026-09-02,NF 1845 - Servico de TI 552,-11358.83
2026-09-01,Cliente Lambda815,13918.71
2026-09-16,NF 3594 - Fornecedor Alfa S/A826,-9468.83
2026-09-23,NF 2858 - Fornecedor Alfa S/A961,-6149.46
2026-09-23,NF 5781 - Distribuidora Delta833,-12490.54
2026-09-30,NF 8483 - Distribuidora Delta349,-12529.12
2026-09-24,NF 3236 - Suprimentos Epsilon864,-13831.93
2026-09-05,NF 9318 - Pagto Titulo 448,-11860.59
2026-09-03,NF 9022 - Compra Material 693,-10904.46
2026-09-12,Recebimento NF 665 - Rec,7436.72
2026-09-08,Cliente Omikron814,4860.57
2026-09-24,NF 6213 - Pagto Titulo 144,-12847.39
2026-09-27,NF 9115 - Servico de TI 255,-9972.15
2026-09-27,NF 9115 - Servico de TI 255 (DUPLICADO),-9972.15
2026-09-03,NF 2644 - Fornecedor Gama990,-14482.04
2026-09-03,Cliente Lambda115,7912.97
2026-09-03,Cliente S/A580,14841.87
2026-09-05,NF 6383 - Servico de TI 182,-10405.93
2026-09-17,Recebimento NF 741 - Rec,5731.14
2026-09-15,Cliente S/A340,586.69
2026-09-03,Cliente Eireli200,10989.88
2026-09-01,Cliente Y147,10425.32
2026-09-05,NF 5000 - Pagto Titulo 249,-5409.03
2026-09-26,Recebimento PIX 279 - Rec,11898.17
2026-09-16,NF 5183 - Servicos Prestados Beta570,-6944.19
2026-09-07,Recebimento PIX 175 - Rec,10180.28
2026-09-27,NF 5097 - Servico de TI 534,-8834.2
2026-09-09,NF 4886 - Distribuidora Delta209,-14990.63
2026-09-15,NF 7484 - Servicos Prestados Beta122,-4473.29
2026-09-16,Cliente Y720,10302.7
2026-09-29,Recebimento NF 324 - Rec,3490.27
2026-09-08,NF 3240 - Servico de TI 797,-11345.88
2026-09-28,NF 3153 - Compra Material 473,-6640.31
2026-09-13,NF 3165 - NF 305,-11449.34
2026-09-07,Cliente Sigma864,14512.39
2026-09-17,Cliente S/A244,6910.52
2026-09-20,Cliente Eireli966,11094.58
2026-09-29,NF 3024 - Servicos Prestados Beta649,-5948.89
2026-09-04,Venda Corporativa 490 - Rec,10303.52
2026-09-03,NF 5951 - Distribuidora Delta817,-995.09
2026-09-23,NF 2902 - Servicos Prestados Beta604,-14196.61
